algorithm,type,nist_category,operation,cycles_min,cycles_avg,cycles_max,ram_static_B,ram_stack_B,ram_heap_B,ram_total_B,flash_dram_B,flash_iram_B,flash_code_B,flash_total_B
Kyber512,KEM,1,KeyGen,1081925,1083115,1084387,2508,6120,200,8828,2440,68,7208,9716
Kyber512,KEM,1,Encaps,1261669,1262037,1262474,876,8752,200,9828,808,68,8688,9564
Kyber512,KEM,1,Decaps,1557054,1557598,1559336,32,9488,208,9728,32,0,11344,11376
X25519,KEX,classical,KeyGen,3478940,3479332,3479804,180,596,119,895,112,68,17672,17852
X25519,KEX,classical,Combine,3461716,3462743,3463449,192,644,0,836,192,0,9156,9348
Dilithium2,SIG,2,KeyGen,3284660,3345182,3392792,3948,38240,208,42396,3880,68,9368,13316
Dilithium2,SIG,2,Sign,5279542,14264816,51683765,2424,51872,208,54504,2424,0,13304,15728
Dilithium2,SIG,2,Verify,3560336,3560777,3561329,16,36088,208,36312,16,0,13524,13540
Falcon-512,SIG,1,KeyGen,231586995,318890738,455651444,2252,17872,208,20332,2184,68,52820,55072
Falcon-512,SIG,1,Sign,95184403,95403982,95597857,756,43096,208,44060,688,68,38804,39560
Falcon-512,SIG,1,Verify,1328771,1329890,1334015,16,4120,0,4136,16,0,12812,12828
SPHINCS+-SHA2-128f-simple,SIG,1,KeyGen,33882316,33882337,33882739,172,2848,80,3100,104,68,11756,11928
SPHINCS+-SHA2-128f-simple,SIG,1,Sign,793115339,793118456,793120619,17180,2348,80,19608,17112,68,13048,30228
SPHINCS+-SHA2-128f-simple,SIG,1,Verify,44477365,47114477,49405022,16,2532,80,2628,16,0,29548,29564
Ed25519,SIG,classical,KeyGen,2803477,2815379,2827330,212,1076,119,1407,144,68,62228,62440
Ed25519,SIG,classical,Sign,3616081,3617659,3619471,200,1460,0,1660,200,0,72252,72452
Ed25519,SIG,classical,Verify,4132486,4187524,4252930,144,1132,2272,3548,144,0,66776,66920
