configuration,auth_mode,sender,message,record_bytes
X25519+Ed25519,server-only,client,ClientHello,154
X25519+Ed25519,server-only,server,ServerHello,90
X25519+Ed25519,server-only,server,EncryptedExtensions,23
X25519+Ed25519,server-only,server,Certificate,1335
X25519+Ed25519,server-only,server,CertificateVerify,89
X25519+Ed25519,server-only,server,Finished,69
X25519+Ed25519,server-only,client,Finished,69
Kyber512+Dilithium2,server-only,client,ClientHello,922
Kyber512+Dilithium2,server-only,server,ServerHello,826
Kyber512+Dilithium2,server-only,server,EncryptedExtensions,23
Kyber512+Dilithium2,server-only,server,Certificate,9005
Kyber512+Dilithium2,server-only,server,CertificateVerify,2445
Kyber512+Dilithium2,server-only,server,Finished,69
Kyber512+Dilithium2,server-only,client,Finished,69
Kyber512+Falcon-512,server-only,client,ClientHello,922
Kyber512+Falcon-512,server-only,server,ServerHello,826
Kyber512+Falcon-512,server-only,server,EncryptedExtensions,23
Kyber512+Falcon-512,server-only,server,Certificate,4606
Kyber512+Falcon-512,server-only,server,CertificateVerify,680
Kyber512+Falcon-512,server-only,server,Finished,69
Kyber512+Falcon-512,server-only,client,Finished,69
X25519+Ed25519,mutual,client,ClientHello,154
X25519+Ed25519,mutual,server,ServerHello,90
X25519+Ed25519,mutual,server,EncryptedExtensions,23
X25519+Ed25519,mutual,server,CertificateRequest,56
X25519+Ed25519,mutual,server,Certificate,1335
X25519+Ed25519,mutual,server,CertificateVerify,89
X25519+Ed25519,mutual,server,Finished,69
X25519+Ed25519,mutual,client,Certificate,1314
X25519+Ed25519,mutual,client,CertificateVerify,89
X25519+Ed25519,mutual,client,Finished,69
Kyber512+Dilithium2,mutual,client,ClientHello,922
Kyber512+Dilithium2,mutual,server,ServerHello,826
Kyber512+Dilithium2,mutual,server,EncryptedExtensions,23
Kyber512+Dilithium2,mutual,server,CertificateRequest,56
Kyber512+Dilithium2,mutual,server,Certificate,9005
Kyber512+Dilithium2,mutual,server,CertificateVerify,2445
Kyber512+Dilithium2,mutual,server,Finished,69
Kyber512+Dilithium2,mutual,client,Certificate,9005
Kyber512+Dilithium2,mutual,client,CertificateVerify,2445
Kyber512+Dilithium2,mutual,client,Finished,69
Kyber512+Falcon-512,mutual,client,ClientHello,922
Kyber512+Falcon-512,mutual,server,ServerHello,826
Kyber512+Falcon-512,mutual,server,EncryptedExtensions,23
Kyber512+Falcon-512,mutual,server,CertificateRequest,56
Kyber512+Falcon-512,mutual,server,Certificate,4606
Kyber512+Falcon-512,mutual,server,CertificateVerify,681
Kyber512+Falcon-512,mutual,server,Finished,69
Kyber512+Falcon-512,mutual,client,Certificate,4606
Kyber512+Falcon-512,mutual,client,CertificateVerify,683
Kyber512+Falcon-512,mutual,client,Finished,69
